slice_file_name,start,end,fold,duration,class,spectrogram_name
audio6987801398142235744_carros.mp3,0.0,10.007981859410432,1,10.007981859410432,carros,audio6987801398142235744_carros.png
audio4023649277219053067_carros.mp3,0.0,10.0,1,10.0,carros,audio4023649277219053067_carros.png
audio792983524009026127_carros.mp3,0.0,8.023,1,8.023,carros,audio792983524009026127_carros.png
audio1374058007349078944_carros.mp3,0.0,10.0,1,10.0,carros,audio1374058007349078944_carros.png
audio-8234749091075275922_carros.mp3,0.0,9.008979591836734,1,9.008979591836734,carros,audio-8234749091075275922_carros.png
audio-4695683048656215827_carros.mp3,0.0,10.0,1,10.0,carros,audio-4695683048656215827_carros.png
audio-6927205432248082090_carros.mp3,0.0,10.0,1,10.0,carros,audio-6927205432248082090_carros.png
audio8109704170109980931_carros.mp3,0.0,10.005,1,10.005,carros,audio8109704170109980931_carros.png
audio6754184905292334839_carros.mp3,0.0,10.0,1,10.0,carros,audio6754184905292334839_carros.png
audio5682746099477514310_carros.mp3,0.0,10.0,1,10.0,carros,audio5682746099477514310_carros.png
audio562080422803826581_carros.mp3,0.0,10.007981859410432,2,10.007981859410432,carros,audio562080422803826581_carros.png
audio7833347086776126062_carros.mp3,0.0,9.699,2,9.699,carros,audio7833347086776126062_carros.png
audio7571532007857584625_carros.mp3,0.0,6.049,2,6.049,carros,audio7571532007857584625_carros.png
audio-7296984860135761650_carros.mp3,0.0,10.0,2,10.0,carros,audio-7296984860135761650_carros.png
audio-3935926452372347676_carros.mp3,0.0,10.0,2,10.0,carros,audio-3935926452372347676_carros.png
audio919773415881712444_carros.mp3,0.0,10.0,2,10.0,carros,audio919773415881712444_carros.png
audio-4212163146176440743_carros.mp3,0.0,4.807596371882086,2,4.807596371882086,carros,audio-4212163146176440743_carros.png
audio2241869186535736212_carros.mp3,0.0,5.474,2,5.474,carros,audio2241869186535736212_carros.png
audio-3591190092788076898_carros.mp3,0.0,10.0,2,10.0,carros,audio-3591190092788076898_carros.png
audio-1226515135254274446_carros.mp3,0.0,9.878,2,9.878,carros,audio-1226515135254274446_carros.png
audio-5173334022401669788_carros.mp3,0.0,10.007981859410432,3,10.007981859410432,carros,audio-5173334022401669788_carros.png
audio-5997230942578867139_carros.mp3,0.0,9.725,3,9.725,carros,audio-5997230942578867139_carros.png
audio8173571134158509625_carros.mp3,0.0,9.598,3,9.598,carros,audio8173571134158509625_carros.png
audio907560691159880162_carros.mp3,0.0,9.879,3,9.879,carros,audio907560691159880162_carros.png
audio-6176149744078168252_carros.mp3,0.0,10.0,3,10.0,carros,audio-6176149744078168252_carros.png
audio-7959455642979759112_carros.mp3,0.0,9.822,3,9.822,carros,audio-7959455642979759112_carros.png
audio5715637238883607875_carros.mp3,0.0,10.007981859410432,3,10.007981859410432,carros,audio5715637238883607875_carros.png
audio-6198862856493009158_carros.mp3,0.0,9.956,3,9.956,carros,audio-6198862856493009158_carros.png
audio-8325158921180543146_carros.mp3,0.0,8.0,3,8.0,carros,audio-8325158921180543146_carros.png
audio438101521279428323_carros.mp3,0.0,9.283,3,9.283,carros,audio438101521279428323_carros.png
audio4534887346555654509_carros.mp3,0.0,10.0,4,10.0,carros,audio4534887346555654509_carros.png
audio6756470104507171836_carros.mp3,0.0,10.007981859410432,4,10.007981859410432,carros,audio6756470104507171836_carros.png
audio4952000421059423031_carros.mp3,0.0,10.0,4,10.0,carros,audio4952000421059423031_carros.png
audio-2099322386277237677_carros.mp3,0.0,10.0,4,10.0,carros,audio-2099322386277237677_carros.png
audio-8240854689144253066_carros.mp3,0.0,5.236,4,5.236,carros,audio-8240854689144253066_carros.png
audio3625087665666460606_carros.mp3,0.0,10.007981859410432,4,10.007981859410432,carros,audio3625087665666460606_carros.png
audio-5596313044323444397_carros.mp3,0.0,10.0,4,10.0,carros,audio-5596313044323444397_carros.png
audio-5445640230733173615_carros.mp3,0.0,10.0,4,10.0,carros,audio-5445640230733173615_carros.png
audio4520678628041778845_carros.mp3,0.0,7.86,4,7.86,carros,audio4520678628041778845_carros.png
audio-194885132539870256_carros.mp3,0.0,10.0,4,10.0,carros,audio-194885132539870256_carros.png
audio-8744120986897490383_carros.mp3,0.0,10.0,5,10.0,carros,audio-8744120986897490383_carros.png
audio-2005109365059482853_carros.mp3,0.0,10.0,5,10.0,carros,audio-2005109365059482853_carros.png
audio-6647715721001899476_carros.mp3,0.0,9.991,5,9.991,carros,audio-6647715721001899476_carros.png
audio-341232592372942022_carros.mp3,0.0,10.0,5,10.0,carros,audio-341232592372942022_carros.png
audio8767572756464566062_carros.mp3,0.0,10.0,5,10.0,carros,audio8767572756464566062_carros.png
audio-3166921469964213564_carros.mp3,0.0,10.0,5,10.0,carros,audio-3166921469964213564_carros.png
audio2695937009598837103_carros.mp3,0.0,9.008979591836734,5,9.008979591836734,carros,audio2695937009598837103_carros.png
audio-5767768977236500513_carros.mp3,0.0,10.0,5,10.0,carros,audio-5767768977236500513_carros.png
audio-2466992379415343349_carros.mp3,0.0,10.0,5,10.0,carros,audio-2466992379415343349_carros.png
audio5810617703974596378_carros.mp3,0.0,10.0,5,10.0,carros,audio5810617703974596378_carros.png
audio1983984260397640356_carros.mp3,0.0,10.0,6,10.0,carros,audio1983984260397640356_carros.png
audio-6053868332560822398_carros.mp3,0.0,10.007981859410432,6,10.007981859410432,carros,audio-6053868332560822398_carros.png
audio-8168157197312439621_carros.mp3,0.0,10.007981859410432,6,10.007981859410432,carros,audio-8168157197312439621_carros.png
audio1723149515277203471_carros.mp3,0.0,9.252993197278911,6,9.252993197278911,carros,audio1723149515277203471_carros.png
audio-4060972179931971943_carros.mp3,0.0,10.0,6,10.0,carros,audio-4060972179931971943_carros.png
audio-5462463598083843627_carros.mp3,0.0,7.015,6,7.015,carros,audio-5462463598083843627_carros.png
audio-8864187141901194276_carros.mp3,0.0,9.25,6,9.25,carros,audio-8864187141901194276_carros.png
audio6448218715604820673_carros.mp3,0.0,9.008979591836734,6,9.008979591836734,carros,audio6448218715604820673_carros.png
audio-2886731185670915784_carros.mp3,0.0,10.0,6,10.0,carros,audio-2886731185670915784_carros.png
audio6085030380958627541_carros.mp3,0.0,10.0,6,10.0,carros,audio6085030380958627541_carros.png
audio-4924364298303350408_carros.mp3,0.0,10.0,7,10.0,carros,audio-4924364298303350408_carros.png
audio-6206975739441838075_carros.mp3,0.0,10.007981859410432,7,10.007981859410432,carros,audio-6206975739441838075_carros.png
audio5793887065605332597_carros.mp3,0.0,10.0,7,10.0,carros,audio5793887065605332597_carros.png
audio6788020047769712831_carros.mp3,0.0,10.0,7,10.0,carros,audio6788020047769712831_carros.png
audio3881595244603604662_carros.mp3,0.0,10.0,7,10.0,carros,audio3881595244603604662_carros.png
audio-6714700937961141375_carros.mp3,0.0,10.0,7,10.0,carros,audio-6714700937961141375_carros.png
audio-8455901675513894878_carros.mp3,0.0,10.0,7,10.0,carros,audio-8455901675513894878_carros.png
audio-1087783549816621360_carros.mp3,0.0,10.0,7,10.0,carros,audio-1087783549816621360_carros.png
audio972476836210074795_carros.mp3,0.0,10.0,7,10.0,carros,audio972476836210074795_carros.png
audio-579615966603547316_carros.mp3,0.0,10.0,7,10.0,carros,audio-579615966603547316_carros.png
audio5101532056100274003_carros.mp3,0.0,10.0,8,10.0,carros,audio5101532056100274003_carros.png
audio4996637264840249134_carros.mp3,0.0,8.141,8,8.141,carros,audio4996637264840249134_carros.png
audio6376669771547173089_carros.mp3,0.0,10.0,8,10.0,carros,audio6376669771547173089_carros.png
audio-4704234378338145942_carros.mp3,0.0,10.007981859410432,8,10.007981859410432,carros,audio-4704234378338145942_carros.png
audio3625188173425700162_carros.mp3,0.0,3.704,8,3.704,carros,audio3625188173425700162_carros.png
audio4529533879567572616_carros.mp3,0.0,9.722,8,9.722,carros,audio4529533879567572616_carros.png
audio7166205585074972848_carros.mp3,0.0,10.0,8,10.0,carros,audio7166205585074972848_carros.png
audio3719991813512818191_carros.mp3,0.0,10.0,8,10.0,carros,audio3719991813512818191_carros.png
audio-5636539542264022786_carros.mp3,0.0,9.846,8,9.846,carros,audio-5636539542264022786_carros.png
audio-1631784882299506643_carros.mp3,0.0,9.008979591836734,8,9.008979591836734,carros,audio-1631784882299506643_carros.png
audio-1876786719822916615_carros.mp3,0.0,10.0,9,10.0,carros,audio-1876786719822916615_carros.png
audio-8934661388597114870_carros.mp3,0.0,10.0,9,10.0,carros,audio-8934661388597114870_carros.png
audio-1560523260405954164_carros.mp3,0.0,10.007981859410432,9,10.007981859410432,carros,audio-1560523260405954164_carros.png
audio-6670680768330589591_carros.mp3,0.0,10.0,9,10.0,carros,audio-6670680768330589591_carros.png
audio-776329077413937872_carros.mp3,0.0,10.007981859410432,9,10.007981859410432,carros,audio-776329077413937872_carros.png
audio7640848681043568317_carros.mp3,0.0,10.007981859410432,9,10.007981859410432,carros,audio7640848681043568317_carros.png
audio3818411117628929799_carros.mp3,0.0,10.0,9,10.0,carros,audio3818411117628929799_carros.png
audio-873164699378251323_carros.mp3,0.0,9.0,9,9.0,carros,audio-873164699378251323_carros.png
audio9118520042847922050_carros.mp3,0.0,10.007981859410432,9,10.007981859410432,carros,audio9118520042847922050_carros.png
audio782125184618114275_carros.mp3,0.0,9.0,9,9.0,carros,audio782125184618114275_carros.png
audio-5430882810183586892_carros.mp3,0.0,10.005,10,10.005,carros,audio-5430882810183586892_carros.png
audio431888226636318819_carros.mp3,0.0,10.0,10,10.0,carros,audio431888226636318819_carros.png
audio-7062727065446892486_carros.mp3,0.0,10.0,10,10.0,carros,audio-7062727065446892486_carros.png
audio-602823292439410974_carros.mp3,0.0,10.007981859410432,10,10.007981859410432,carros,audio-602823292439410974_carros.png
audio-5559488484052998714_carros.mp3,0.0,10.0,10,10.0,carros,audio-5559488484052998714_carros.png
audio4908573308296275312_carros.mp3,0.0,10.0,10,10.0,carros,audio4908573308296275312_carros.png
audio-1515906198701829174_carros.mp3,0.0,6.409,10,6.409,carros,audio-1515906198701829174_carros.png
audio-6955145110138843985_carros.mp3,0.0,10.0,10,10.0,carros,audio-6955145110138843985_carros.png
audio4815269052199561410_carros.mp3,0.0,10.0,10,10.0,carros,audio4815269052199561410_carros.png
audio5431770007541874989_carros.mp3,0.0,10.0,10,10.0,carros,audio5431770007541874989_carros.png
audio-5439913942467351039_motocicletas.mp3,0.0,10.0,1,10.0,motocicletas,audio-5439913942467351039_motocicletas.png
audio7169342706734167228_motocicletas.mp3,0.0,10.0,1,10.0,motocicletas,audio7169342706734167228_motocicletas.png
audio-6836708801490513121_motocicletas.mp3,0.0,10.0,1,10.0,motocicletas,audio-6836708801490513121_motocicletas.png
audio3438929298039284329_motocicletas.mp3,0.0,10.007981859410432,1,10.007981859410432,motocicletas,audio3438929298039284329_motocicletas.png
audio5853172723822954907_motocicletas.mp3,0.0,10.0,1,10.0,motocicletas,audio5853172723822954907_motocicletas.png
audio1787847420109024159_motocicletas.mp3,0.0,10.007981859410432,1,10.007981859410432,motocicletas,audio1787847420109024159_motocicletas.png
audio1849324595989139783_motocicletas.mp3,0.0,10.007981859410432,1,10.007981859410432,motocicletas,audio1849324595989139783_motocicletas.png
audio-8943303237787199005_motocicletas.mp3,0.0,10.0,1,10.0,motocicletas,audio-8943303237787199005_motocicletas.png
audio5962509898099058195_motocicletas.mp3,0.0,10.0,1,10.0,motocicletas,audio5962509898099058195_motocicletas.png
audio-914814942479523326_motocicletas.mp3,0.0,10.0,1,10.0,motocicletas,audio-914814942479523326_motocicletas.png
audio5619391368488874350_motocicletas.mp3,0.0,10.007981859410432,2,10.007981859410432,motocicletas,audio5619391368488874350_motocicletas.png
audio2870216637130875531_motocicletas.mp3,0.0,10.0,2,10.0,motocicletas,audio2870216637130875531_motocicletas.png
audio-5525991245466314308_motocicletas.mp3,0.0,10.0,2,10.0,motocicletas,audio-5525991245466314308_motocicletas.png
audio438239521950105941_motocicletas.mp3,0.0,10.007981859410432,2,10.007981859410432,motocicletas,audio438239521950105941_motocicletas.png
audio3127161607041344250_motocicletas.mp3,0.0,10.0,2,10.0,motocicletas,audio3127161607041344250_motocicletas.png
audio-4478197952575844000_motocicletas.mp3,0.0,10.0,2,10.0,motocicletas,audio-4478197952575844000_motocicletas.png
audio-3639322008034221568_motocicletas.mp3,0.0,10.0,2,10.0,motocicletas,audio-3639322008034221568_motocicletas.png
audio8382663587456413261_motocicletas.mp3,0.0,10.0,2,10.0,motocicletas,audio8382663587456413261_motocicletas.png
audio6736704671387780393_motocicletas.mp3,0.0,7.878,2,7.878,motocicletas,audio6736704671387780393_motocicletas.png
audio-6548324682993702915_motocicletas.mp3,0.0,10.007981859410432,2,10.007981859410432,motocicletas,audio-6548324682993702915_motocicletas.png
audio-3438425083857508152_motocicletas.mp3,0.0,10.0,3,10.0,motocicletas,audio-3438425083857508152_motocicletas.png
audio37030423216346461_motocicletas.mp3,0.0,10.0,3,10.0,motocicletas,audio37030423216346461_motocicletas.png
audio3237411845674512989_motocicletas.mp3,0.0,10.007981859410432,3,10.007981859410432,motocicletas,audio3237411845674512989_motocicletas.png
audio6980696920005859266_motocicletas.mp3,0.0,10.0,3,10.0,motocicletas,audio6980696920005859266_motocicletas.png
audio2380962807247417435_motocicletas.mp3,0.0,10.0,3,10.0,motocicletas,audio2380962807247417435_motocicletas.png
audio-5044462011000686872_motocicletas.mp3,0.0,10.0,3,10.0,motocicletas,audio-5044462011000686872_motocicletas.png
audio611823993372383444_motocicletas.mp3,0.0,10.0,3,10.0,motocicletas,audio611823993372383444_motocicletas.png
audio5138912700124593147_motocicletas.mp3,0.0,9.274,3,9.274,motocicletas,audio5138912700124593147_motocicletas.png
audio-2438381000466308802_motocicletas.mp3,0.0,10.007981859410432,3,10.007981859410432,motocicletas,audio-2438381000466308802_motocicletas.png
audio3880215512163480015_motocicletas.mp3,0.0,10.0,3,10.0,motocicletas,audio3880215512163480015_motocicletas.png
audio837488284907677280_motocicletas.mp3,0.0,10.0,4,10.0,motocicletas,audio837488284907677280_motocicletas.png
audio3519405797321481942_motocicletas.mp3,0.0,10.007981859410432,4,10.007981859410432,motocicletas,audio3519405797321481942_motocicletas.png
audio3288839559129208174_motocicletas.mp3,0.0,10.0,4,10.0,motocicletas,audio3288839559129208174_motocicletas.png
audio530933745865875135_motocicletas.mp3,0.0,10.0,4,10.0,motocicletas,audio530933745865875135_motocicletas.png
audio8676022357303242680_motocicletas.mp3,0.0,10.0,4,10.0,motocicletas,audio8676022357303242680_motocicletas.png
audio9217965319855380849_motocicletas.mp3,0.0,8.304,4,8.304,motocicletas,audio9217965319855380849_motocicletas.png
audio-6602773443992336154_motocicletas.mp3,0.0,10.0,4,10.0,motocicletas,audio-6602773443992336154_motocicletas.png
audio-293284322674511320_motocicletas.mp3,0.0,10.0,4,10.0,motocicletas,audio-293284322674511320_motocicletas.png
audio4957232418362005138_motocicletas.mp3,0.0,10.0,4,10.0,motocicletas,audio4957232418362005138_motocicletas.png
audio7203676754255465398_motocicletas.mp3,0.0,10.0,4,10.0,motocicletas,audio7203676754255465398_motocicletas.png
audio2595076870607333494_motocicletas.mp3,0.0,10.0,5,10.0,motocicletas,audio2595076870607333494_motocicletas.png
audio3887187161242121570_motocicletas.mp3,0.0,10.0,5,10.0,motocicletas,audio3887187161242121570_motocicletas.png
audio-6442225280718925404_motocicletas.mp3,0.0,10.007981859410432,5,10.007981859410432,motocicletas,audio-6442225280718925404_motocicletas.png
audio1490382090099550063_motocicletas.mp3,0.0,10.0,5,10.0,motocicletas,audio1490382090099550063_motocicletas.png
audio6071376268931022572_motocicletas.mp3,0.0,10.0,5,10.0,motocicletas,audio6071376268931022572_motocicletas.png
audio6907956562959185350_motocicletas.mp3,0.0,10.0,5,10.0,motocicletas,audio6907956562959185350_motocicletas.png
audio6093170005034417499_motocicletas.mp3,0.0,10.0,5,10.0,motocicletas,audio6093170005034417499_motocicletas.png
audio8441539842666857573_motocicletas.mp3,0.0,10.0,5,10.0,motocicletas,audio8441539842666857573_motocicletas.png
audio-7998389280314699924_motocicletas.mp3,0.0,10.0,5,10.0,motocicletas,audio-7998389280314699924_motocicletas.png
audio-490893759137400530_motocicletas.mp3,0.0,10.0,5,10.0,motocicletas,audio-490893759137400530_motocicletas.png
audio7917356733556294649_motocicletas.mp3,0.0,10.0,6,10.0,motocicletas,audio7917356733556294649_motocicletas.png
audio381764236534525834_motocicletas.mp3,0.0,10.0,6,10.0,motocicletas,audio381764236534525834_motocicletas.png
audio2935158333948609703_motocicletas.mp3,0.0,10.007981859410432,6,10.007981859410432,motocicletas,audio2935158333948609703_motocicletas.png
audio-3268105937489504769_motocicletas.mp3,0.0,10.0,6,10.0,motocicletas,audio-3268105937489504769_motocicletas.png
audio-2910499549799377928_motocicletas.mp3,0.0,10.0,6,10.0,motocicletas,audio-2910499549799377928_motocicletas.png
audio5142338689812032095_motocicletas.mp3,0.0,10.007981859410432,6,10.007981859410432,motocicletas,audio5142338689812032095_motocicletas.png
audio274365755613448161_motocicletas.mp3,0.0,10.0,6,10.0,motocicletas,audio274365755613448161_motocicletas.png
audio-5627356952446311031_motocicletas.mp3,0.0,10.007981859410432,6,10.007981859410432,motocicletas,audio-5627356952446311031_motocicletas.png
audio3518642020977138773_motocicletas.mp3,0.0,10.007981859410432,6,10.007981859410432,motocicletas,audio3518642020977138773_motocicletas.png
audio4670982542876626266_motocicletas.mp3,0.0,8.904988662131519,6,8.904988662131519,motocicletas,audio4670982542876626266_motocicletas.png
audio1555033105116391542_motocicletas.mp3,0.0,10.007981859410432,7,10.007981859410432,motocicletas,audio1555033105116391542_motocicletas.png
audio7677442566006860401_motocicletas.mp3,0.0,9.0,7,9.0,motocicletas,audio7677442566006860401_motocicletas.png
audio2773911838563502044_motocicletas.mp3,0.0,10.0,7,10.0,motocicletas,audio2773911838563502044_motocicletas.png
audio-1200835263265711702_motocicletas.mp3,0.0,10.0,7,10.0,motocicletas,audio-1200835263265711702_motocicletas.png
audio4486489263161753592_motocicletas.mp3,0.0,10.0,7,10.0,motocicletas,audio4486489263161753592_motocicletas.png
audio-1588829230902089213_motocicletas.mp3,0.0,5.184,7,5.184,motocicletas,audio-1588829230902089213_motocicletas.png
audio1553491726596955413_motocicletas.mp3,0.0,10.0,7,10.0,motocicletas,audio1553491726596955413_motocicletas.png
audio-6616115247459027292_motocicletas.mp3,0.0,10.0,7,10.0,motocicletas,audio-6616115247459027292_motocicletas.png
audio1932334189477530174_motocicletas.mp3,0.0,10.0,7,10.0,motocicletas,audio1932334189477530174_motocicletas.png
audio2312882217705606251_motocicletas.mp3,0.0,10.007981859410432,7,10.007981859410432,motocicletas,audio2312882217705606251_motocicletas.png
audio-4683437518459008808_motocicletas.mp3,0.0,10.0,8,10.0,motocicletas,audio-4683437518459008808_motocicletas.png
audio3415117662794226642_motocicletas.mp3,0.0,9.008979591836734,8,9.008979591836734,motocicletas,audio3415117662794226642_motocicletas.png
audio-3041355815777899780_motocicletas.mp3,0.0,10.0,8,10.0,motocicletas,audio-3041355815777899780_motocicletas.png
audio5869734322032745966_motocicletas.mp3,0.0,10.0,8,10.0,motocicletas,audio5869734322032745966_motocicletas.png
audio4642687259803581659_motocicletas.mp3,0.0,10.0,8,10.0,motocicletas,audio4642687259803581659_motocicletas.png
audio-6645696987731040714_motocicletas.mp3,0.0,10.0,8,10.0,motocicletas,audio-6645696987731040714_motocicletas.png
audio8762520928631762156_motocicletas.mp3,0.0,10.0,8,10.0,motocicletas,audio8762520928631762156_motocicletas.png
audio-3071552763526043447_motocicletas.mp3,0.0,10.007981859410432,8,10.007981859410432,motocicletas,audio-3071552763526043447_motocicletas.png
audio-8036651112982734779_motocicletas.mp3,0.0,10.0,8,10.0,motocicletas,audio-8036651112982734779_motocicletas.png
audio1707268448211675520_motocicletas.mp3,0.0,10.0,8,10.0,motocicletas,audio1707268448211675520_motocicletas.png
audio3178649243143953112_motocicletas.mp3,0.0,10.0,9,10.0,motocicletas,audio3178649243143953112_motocicletas.png
audio2839751795218728625_motocicletas.mp3,0.0,10.0,9,10.0,motocicletas,audio2839751795218728625_motocicletas.png
audio-768141369196909088_motocicletas.mp3,0.0,10.007981859410432,9,10.007981859410432,motocicletas,audio-768141369196909088_motocicletas.png
audio-1818172876725730179_motocicletas.mp3,0.0,9.008979591836734,9,9.008979591836734,motocicletas,audio-1818172876725730179_motocicletas.png
audio-7274322058901610400_motocicletas.mp3,0.0,10.0,9,10.0,motocicletas,audio-7274322058901610400_motocicletas.png
audio-3474171794023601316_motocicletas.mp3,0.0,10.0,9,10.0,motocicletas,audio-3474171794023601316_motocicletas.png
audio-8124363648560657969_motocicletas.mp3,0.0,10.0,9,10.0,motocicletas,audio-8124363648560657969_motocicletas.png
audio6983692285083636554_motocicletas.mp3,0.0,9.144,9,9.144,motocicletas,audio6983692285083636554_motocicletas.png
audio-7338846565299097589_motocicletas.mp3,0.0,10.0,9,10.0,motocicletas,audio-7338846565299097589_motocicletas.png
audio-1915459080653041275_motocicletas.mp3,0.0,10.007981859410432,9,10.007981859410432,motocicletas,audio-1915459080653041275_motocicletas.png
audio7438552733549537577_motocicletas.mp3,0.0,10.0,10,10.0,motocicletas,audio7438552733549537577_motocicletas.png
audio-6802317745779348844_motocicletas.mp3,0.0,10.0,10,10.0,motocicletas,audio-6802317745779348844_motocicletas.png
audio-6772201064741008535_motocicletas.mp3,0.0,10.0,10,10.0,motocicletas,audio-6772201064741008535_motocicletas.png
audio8451245117957730913_motocicletas.mp3,0.0,10.0,10,10.0,motocicletas,audio8451245117957730913_motocicletas.png
audio-5487966525386947325_motocicletas.mp3,0.0,10.0,10,10.0,motocicletas,audio-5487966525386947325_motocicletas.png
audio-6776143854994974110_motocicletas.mp3,0.0,10.007981859410432,10,10.007981859410432,motocicletas,audio-6776143854994974110_motocicletas.png
audio2308903780491524249_motocicletas.mp3,0.0,10.0,10,10.0,motocicletas,audio2308903780491524249_motocicletas.png
audio-2281622824136460116_motocicletas.mp3,0.0,10.0,10,10.0,motocicletas,audio-2281622824136460116_motocicletas.png
audio-8650182285442273259_motocicletas.mp3,0.0,10.0,10,10.0,motocicletas,audio-8650182285442273259_motocicletas.png
audio1736191784035463154_motocicletas.mp3,0.0,10.007981859410432,10,10.007981859410432,motocicletas,audio1736191784035463154_motocicletas.png
audio-5574600401015876445_motosserras.wav,0.0,60.0,1,60.0,motosserras,audio-5574600401015876445_motosserras.png
audio3878447957144341227_motosserras.mp3,0.0,10.0,1,10.0,motosserras,audio3878447957144341227_motosserras.png
audio5199673663452041194_motosserras.mp3,0.0,10.0,1,10.0,motosserras,audio5199673663452041194_motosserras.png
audio2847089855145828634_motosserras.wav,0.0,36.75429166666667,1,36.75429166666667,motosserras,audio2847089855145828634_motosserras.png
audio2177953743878145088_motosserras.wav,0.0,60.0,1,60.0,motosserras,audio2177953743878145088_motosserras.png
audio4596212966300940519_motosserras.wav,0.0,60.0,1,60.0,motosserras,audio4596212966300940519_motosserras.png
audio6315898506303722125_motosserras.wav,0.0,60.0,1,60.0,motosserras,audio6315898506303722125_motosserras.png
audio-5418502812857594618_motosserras.mp3,0.0,10.0,1,10.0,motosserras,audio-5418502812857594618_motosserras.png
audio-1547519525082852863_motosserras.mp3,0.0,8.294,1,8.294,motosserras,audio-1547519525082852863_motosserras.png
audio-2501983321719466741_motosserras.wav,0.0,60.0,1,60.0,motosserras,audio-2501983321719466741_motosserras.png
audio4845692425987727400_motosserras.mp3,0.0,10.0,1,10.0,motosserras,audio4845692425987727400_motosserras.png
audio-4109964884806606615_motosserras.wav,0.0,60.0,2,60.0,motosserras,audio-4109964884806606615_motosserras.png
audio-9200376317916980100_motosserras.mp3,0.0,10.0,2,10.0,motosserras,audio-9200376317916980100_motosserras.png
audio-4304570974446361059_motosserras.mp3,0.0,10.0,2,10.0,motosserras,audio-4304570974446361059_motosserras.png
audio-5194923960577192778_motosserras.wav,0.0,49.3714375,2,49.3714375,motosserras,audio-5194923960577192778_motosserras.png
audio-6844816593203614431_motosserras.wav,0.0,60.0,2,60.0,motosserras,audio-6844816593203614431_motosserras.png
audio-4777041643610995368_motosserras.mp3,0.0,10.0,2,10.0,motosserras,audio-4777041643610995368_motosserras.png
audio6608093404680221401_motosserras.mp3,0.0,10.0,2,10.0,motosserras,audio6608093404680221401_motosserras.png
audio-566315200613171071_motosserras.mp3,0.0,10.007981859410432,2,10.007981859410432,motosserras,audio-566315200613171071_motosserras.png
audio-595088454002625214_motosserras.wav,0.0,60.0,2,60.0,motosserras,audio-595088454002625214_motosserras.png
audio1827975335136458278_motosserras.mp3,0.0,10.0,2,10.0,motosserras,audio1827975335136458278_motosserras.png
audio2987851266988608330_motosserras.mp3,0.0,10.0,2,10.0,motosserras,audio2987851266988608330_motosserras.png
audio2758949722981446643_motosserras.mp3,0.0,9.751995464852609,3,9.751995464852609,motosserras,audio2758949722981446643_motosserras.png
audio-2516730574812455844_motosserras.wav,0.0,60.0,3,60.0,motosserras,audio-2516730574812455844_motosserras.png
audio-6954238741751016800_motosserras.mp3,0.0,10.0,3,10.0,motosserras,audio-6954238741751016800_motosserras.png
audio4348728148968880487_motosserras.mp3,0.0,10.0,3,10.0,motosserras,audio4348728148968880487_motosserras.png
audio3324548917344622025_motosserras.mp3,0.0,10.0,3,10.0,motosserras,audio3324548917344622025_motosserras.png
audio4837026834620711494_motosserras.mp3,0.0,10.0,3,10.0,motosserras,audio4837026834620711494_motosserras.png
audio8597071505011639576_motosserras.wav,0.0,60.0,3,60.0,motosserras,audio8597071505011639576_motosserras.png
audio-6753460238589984882_motosserras.wav,0.0,60.0,3,60.0,motosserras,audio-6753460238589984882_motosserras.png
audio-1638158943603276937_motosserras.wav,0.0,60.0,3,60.0,motosserras,audio-1638158943603276937_motosserras.png
audio6435995101358731708_motosserras.mp3,0.0,10.0,3,10.0,motosserras,audio6435995101358731708_motosserras.png
audio-3298255666115730308_motosserras.mp3,0.0,10.0,3,10.0,motosserras,audio-3298255666115730308_motosserras.png
audio4203404138541514312_motosserras.wav,0.0,60.0,4,60.0,motosserras,audio4203404138541514312_motosserras.png
audio6709357144043331922_motosserras.mp3,0.0,10.0,4,10.0,motosserras,audio6709357144043331922_motosserras.png
audio1321327582847708680_motosserras.wav,0.0,60.0,4,60.0,motosserras,audio1321327582847708680_motosserras.png
audio-33320095700849747_motosserras.wav,0.0,60.0,4,60.0,motosserras,audio-33320095700849747_motosserras.png
audio6251419806552593032_motosserras.mp3,0.0,10.007981859410432,4,10.007981859410432,motosserras,audio6251419806552593032_motosserras.png
audio3840489838114587753_motosserras.wav,0.0,60.0,4,60.0,motosserras,audio3840489838114587753_motosserras.png
audio-5996943254178692857_motosserras.mp3,0.0,10.0,4,10.0,motosserras,audio-5996943254178692857_motosserras.png
audio-4203776448400028838_motosserras.mp3,0.0,10.007981859410432,4,10.007981859410432,motosserras,audio-4203776448400028838_motosserras.png
audio-6211582374292474435_motosserras.mp3,0.0,10.007981859410432,4,10.007981859410432,motosserras,audio-6211582374292474435_motosserras.png
audio-5817908345926353204_motosserras.mp3,0.0,10.0,4,10.0,motosserras,audio-5817908345926353204_motosserras.png
audio-6531672684147977739_motosserras.wav,0.0,60.0,4,60.0,motosserras,audio-6531672684147977739_motosserras.png
audio3990981620138917323_motosserras.mp3,0.0,10.0,5,10.0,motosserras,audio3990981620138917323_motosserras.png
audio2626642203727797207_motosserras.mp3,0.0,7.651,5,7.651,motosserras,audio2626642203727797207_motosserras.png
audio6357696998432665281_motosserras.wav,0.0,60.0,5,60.0,motosserras,audio6357696998432665281_motosserras.png
audio7119246362803403709_motosserras.wav,0.0,60.0,5,60.0,motosserras,audio7119246362803403709_motosserras.png
audio-747712884226422277_motosserras.wav,0.0,60.0,5,60.0,motosserras,audio-747712884226422277_motosserras.png
audio1996810595103177175_motosserras.wav,0.0,60.0,5,60.0,motosserras,audio1996810595103177175_motosserras.png
audio-4723082496106015458_motosserras.wav,0.0,60.0,5,60.0,motosserras,audio-4723082496106015458_motosserras.png
audio8572625579754329411_motosserras.mp3,0.0,10.0,5,10.0,motosserras,audio8572625579754329411_motosserras.png
audio-1655786213280960664_motosserras.mp3,0.0,10.0,5,10.0,motosserras,audio-1655786213280960664_motosserras.png
audio8939387834021097841_motosserras.mp3,0.0,10.0,5,10.0,motosserras,audio8939387834021097841_motosserras.png
audio-8076161595841196950_motosserras.mp3,0.0,10.0,5,10.0,motosserras,audio-8076161595841196950_motosserras.png
audio5923241860755048413_motosserras.mp3,0.0,10.007981859410432,6,10.007981859410432,motosserras,audio5923241860755048413_motosserras.png
audio4569211117692915482_motosserras.mp3,0.0,10.0,6,10.0,motosserras,audio4569211117692915482_motosserras.png
audio-6261359482785040593_motosserras.wav,0.0,60.0,6,60.0,motosserras,audio-6261359482785040593_motosserras.png
audio-2773862420714367130_motosserras.mp3,0.0,10.007981859410432,6,10.007981859410432,motosserras,audio-2773862420714367130_motosserras.png
audio2774077673009948842_motosserras.wav,0.0,60.0,6,60.0,motosserras,audio2774077673009948842_motosserras.png
audio1383841995502355952_motosserras.wav,0.0,60.0,6,60.0,motosserras,audio1383841995502355952_motosserras.png
audio3421074155941704161_motosserras.wav,0.0,60.0,6,60.0,motosserras,audio3421074155941704161_motosserras.png
audio4153889631575743674_motosserras.wav,0.0,60.0,6,60.0,motosserras,audio4153889631575743674_motosserras.png
audio-4744930131421911954_motosserras.wav,0.0,60.0,6,60.0,motosserras,audio-4744930131421911954_motosserras.png
audio-696310624731504266_motosserras.wav,0.0,60.0,6,60.0,motosserras,audio-696310624731504266_motosserras.png
audio-6896133704592418497_motosserras.mp3,0.0,10.0,6,10.0,motosserras,audio-6896133704592418497_motosserras.png
audio5035773387739492686_motosserras.mp3,0.0,10.0,7,10.0,motosserras,audio5035773387739492686_motosserras.png
audio-9033270137954914109_motosserras.wav,0.0,60.0,7,60.0,motosserras,audio-9033270137954914109_motosserras.png
audio3404450535542554166_motosserras.wav,0.0,60.0,7,60.0,motosserras,audio3404450535542554166_motosserras.png
audio6759966811699736270_motosserras.wav,0.0,60.0,7,60.0,motosserras,audio6759966811699736270_motosserras.png
audio-7035373202525115338_motosserras.wav,0.0,60.0,7,60.0,motosserras,audio-7035373202525115338_motosserras.png
audio-7002561355768541367_motosserras.wav,0.0,60.0,7,60.0,motosserras,audio-7002561355768541367_motosserras.png
audio3229754787326381541_motosserras.mp3,0.0,9.44,7,9.44,motosserras,audio3229754787326381541_motosserras.png
audio6110331172271650188_motosserras.wav,0.0,60.0,7,60.0,motosserras,audio6110331172271650188_motosserras.png
audio-6335113566899046382_motosserras.wav,0.0,60.0,7,60.0,motosserras,audio-6335113566899046382_motosserras.png
audio7704716432476063320_motosserras.wav,0.0,60.0,7,60.0,motosserras,audio7704716432476063320_motosserras.png
audio1694780214559559992_motosserras.wav,0.0,60.0,7,60.0,motosserras,audio1694780214559559992_motosserras.png
audio92399983230644545_motosserras.mp3,0.0,10.007981859410432,8,10.007981859410432,motosserras,audio92399983230644545_motosserras.png
audio5392355725920394746_motosserras.mp3,0.0,10.0,8,10.0,motosserras,audio5392355725920394746_motosserras.png
audio-4711587780676497370_motosserras.wav,0.0,60.0,8,60.0,motosserras,audio-4711587780676497370_motosserras.png
audio-5922707037139715402_motosserras.mp3,0.0,10.0,8,10.0,motosserras,audio-5922707037139715402_motosserras.png
audio432625778033839727_motosserras.wav,0.0,60.0,8,60.0,motosserras,audio432625778033839727_motosserras.png
audio4915450166002694160_motosserras.wav,0.0,60.0,8,60.0,motosserras,audio4915450166002694160_motosserras.png
audio2501970600224488264_motosserras.wav,0.0,60.0,8,60.0,motosserras,audio2501970600224488264_motosserras.png
audio8048025528191999708_motosserras.mp3,0.0,10.007981859410432,8,10.007981859410432,motosserras,audio8048025528191999708_motosserras.png
audio1225124169293185159_motosserras.wav,0.0,60.0,8,60.0,motosserras,audio1225124169293185159_motosserras.png
audio-9025225972105724821_motosserras.wav,0.0,60.0,8,60.0,motosserras,audio-9025225972105724821_motosserras.png
audio-6879476611208386779_motosserras.mp3,0.0,10.007981859410432,8,10.007981859410432,motosserras,audio-6879476611208386779_motosserras.png
audio-6986203431575797212_motosserras.mp3,0.0,10.0,9,10.0,motosserras,audio-6986203431575797212_motosserras.png
audio2003490370221195938_motosserras.mp3,0.0,7.223990929705216,9,7.223990929705216,motosserras,audio2003490370221195938_motosserras.png
audio4124925937072249917_motosserras.mp3,0.0,6.641,9,6.641,motosserras,audio4124925937072249917_motosserras.png
audio4722093074167269975_motosserras.mp3,0.0,10.0,9,10.0,motosserras,audio4722093074167269975_motosserras.png
audio862618281415123504_motosserras.wav,0.0,60.0,9,60.0,motosserras,audio862618281415123504_motosserras.png
audio-4275232184867724660_motosserras.mp3,0.0,10.0,9,10.0,motosserras,audio-4275232184867724660_motosserras.png
audio-2851957398641616993_motosserras.wav,0.0,60.0,9,60.0,motosserras,audio-2851957398641616993_motosserras.png
audio-129072613919036332_motosserras.mp3,0.0,10.0,9,10.0,motosserras,audio-129072613919036332_motosserras.png
audio-5097944341820091726_motosserras.mp3,0.0,9.0,9,9.0,motosserras,audio-5097944341820091726_motosserras.png
audio-6743078417689251871_motosserras.wav,0.0,60.0,9,60.0,motosserras,audio-6743078417689251871_motosserras.png
audio1102970719086641158_motosserras.mp3,0.0,10.007981859410432,9,10.007981859410432,motosserras,audio1102970719086641158_motosserras.png
audio-235421693461460276_motosserras.wav,0.0,60.0,10,60.0,motosserras,audio-235421693461460276_motosserras.png
audio-8646961747288659328_motosserras.mp3,0.0,10.007981859410432,10,10.007981859410432,motosserras,audio-8646961747288659328_motosserras.png
audio-1764849145388070878_motosserras.mp3,0.0,10.0,10,10.0,motosserras,audio-1764849145388070878_motosserras.png
audio3797809494431566617_motosserras.mp3,0.0,10.0,10,10.0,motosserras,audio3797809494431566617_motosserras.png
audio-5776019809492778746_motosserras.wav,0.0,60.0,10,60.0,motosserras,audio-5776019809492778746_motosserras.png
audio-1226349221848283475_motosserras.mp3,0.0,10.0,10,10.0,motosserras,audio-1226349221848283475_motosserras.png
audio6281098403671626758_motosserras.mp3,0.0,10.0,10,10.0,motosserras,audio6281098403671626758_motosserras.png
audio-6651023495311408856_motosserras.wav,0.0,60.0,10,60.0,motosserras,audio-6651023495311408856_motosserras.png
audio4897973434101801136_motosserras.wav,0.0,60.0,10,60.0,motosserras,audio4897973434101801136_motosserras.png
audio5994765836704975219_motosserras.wav,0.0,60.0,10,60.0,motosserras,audio5994765836704975219_motosserras.png
audio7047856842728776014_motosserras.mp3,0.0,10.0,10,10.0,motosserras,audio7047856842728776014_motosserras.png
